name,url,visits,views,logos,product_images,phones,emails,about
"ООО ""САТУРН""",http://www.saturn-ooo.ru,,,['http://www.saturn-ooo.ru/sites/default/files/logo-red-small.gif'],"['http://www.saturn-ooo.ru/sites/default/files/inline/images/primer_zamerov.png'
 'http://www.saturn-ooo.ru/sites/default/files/inline/images/proizvodstvo_saturn.jpg'
 'http://www.saturn-ooo.ru/sites/default/files/styles/large/public/sert/sert-sootv-saturn_0.jpg?itok=LtLCZZ9I'
 'http://www.saturn-ooo.ru/sites/default/files/styles/large/public/sert/shtora1_0.jpg?itok=vsHO1CnE'
 'http://www.saturn-ooo.ru/sites/default/files/styles/large/public/sert/shtora2_0.jpg?itok=Ne7D4NhB'
 'http://www.saturn-ooo.ru/sites/default/files/styles/large/public/sert/shtora3_0.jpg?itok=m41zqpi6'
 'http://www.saturn-ooo.ru/sites/default/files/styles/large/public/sert/vorota1_0.jpg?itok=BraDt56r'
 'http://www.saturn-ooo.ru/sites/default/files/styles/large/public/sert/vorota2_0.jpg?itok=mbyRKhkv']",,saturnmo@mail.ru,"ООО «Сатурн», как производитель противопожарных штор и противопожарных ворот, одна из немногих компаний, которая предлагает огнезащитные ворота с пределом огнестойкости - и противопожарные огнезащитные шторы огнестойкости -.Вся продукция производимая ООО Сатурн соответствует техническим регламентам и имеет все необходимые сертификаты и разрешающие документы. Ознакомиться вы можете с ними перейдя по ссылкам ниже г. Москва, Варшавское шоссе, дом , стр. -, к. А   -- ."
"ООО ""САТУРН""",http://www.ooo-saturn.promportal.su,,,"['http://www.ooo-saturn.promportal.su//promportal.su/foto/exposition_logos/0/2585/20_ya_specializirovannaya_vistavka_otechestvennie_stroitelnie_materiali_osm_2019_foto_small.jpg'
 'http://www.ooo-saturn.promportal.su//promportal.su/foto/exposition_logos/0/2621/sera_i_sernaya_kislota_2018_foto_small.jpg'
 'http://www.ooo-saturn.promportal.su/img/logo.gif']","['http://www.ooo-saturn.promportal.su//promportal.su/foto/new_fotos/0/5934/phoenix_contact_sozdala_novie_ustroystva_foto_small.jpg'
 'http://www.ooo-saturn.promportal.su//promportal.su/foto/new_fotos/0/5935/v_rossii_budut_proizvodit_ustroystva_dlya_vetroustanovok_foto_small.jpg'
 'http://www.ooo-saturn.promportal.su//static.promportal.su/img/foto-loader.gif'
 'http://www.ooo-saturn.promportal.su/img/mp_pictures/14_feb/_decor.jpg'
 'http://www.ooo-saturn.promportal.su/img/mp_pictures/osen/obogrev.jpg'
 'http://www.ooo-saturn.promportal.su/img/mp_pictures/osen/pled.jpg'
 'http://www.ooo-saturn.promportal.su/img/newyear/snegoub_t1.jpg']","7 (495) 799-59-85,7 (495) 799-59-85",,
"ООО ""САТУРН""",http://www.msk.saturn.net,,,[],"['http://www.msk.saturn.net/gallery/brend/47134.jpg'
 'http://www.msk.saturn.net/gallery/brend/47455.jpg'
 'http://www.msk.saturn.net/gallery/brend/47460.jpg'
 'http://www.msk.saturn.net/gallery/brend/48033.jpg'
 'http://www.msk.saturn.net/gallery/category_icon/194488.jpg'
 'http://www.msk.saturn.net/gallery/category_icon/194489.jpg'
 'http://www.msk.saturn.net/gallery/category_icon/194490.jpg'
 'http://www.msk.saturn.net/gallery/category_icon/194491.jpg'
 'http://www.msk.saturn.net/gallery/category_icon/194492.JPG'
 'http://www.msk.saturn.net/gallery/category_icon/194532.jpg'
 'http://www.msk.saturn.net/gallery/goods_photo/45366.jpg'
 'http://www.msk.saturn.net/gallery/goods_photo/8789.JPG'
 'http://www.msk.saturn.net/gallery/goods_photo/s_15893.PNG'
 'http://www.msk.saturn.net/gallery/goods_photo/s_20118.JPG'
 'http://www.msk.saturn.net/gallery/goods_photo/s_20122.JPG'
 'http://www.msk.saturn.net/gallery/goods_photo/s_20123.JPG'
 'http://www.msk.saturn.net/gallery/goods_photo/s_21136.PNG'
 'http://www.msk.saturn.net/gallery/goods_photo/s_21137.PNG'
 'http://www.msk.saturn.net/gallery/goods_photo/s_21138.PNG'
 'http://www.msk.saturn.net/gallery/goods_photo/s_21139.PNG'
 'http://www.msk.saturn.net/gallery/goods_photo/s_22965.JPG'
 'http://www.msk.saturn.net/gallery/goods_photo/s_22966.JPG'
 'http://www.msk.saturn.net/gallery/goods_photo/s_22967.JPG'
 'http://www.msk.saturn.net/gallery/goods_photo/s_24533.JPG'
 'http://www.msk.saturn.net/gallery/goods_photo/s_26356.JPG'
 'http://www.msk.saturn.net/gallery/goods_photo/s_37617.JPG'
 'http://www.msk.saturn.net/gallery/goods_photo/s_37643.jpg'
 'http://www.msk.saturn.net/gallery/goods_photo/s_45241.jpg'
 'http://www.msk.saturn.net/gallery/goods_photo/s_45245.jpg'
 'http://www.msk.saturn.net/gallery/goods_photo/s_46096.jpg'
 'http://www.msk.saturn.net/gallery/goods_photo/s_46375.jpg'
 'http://www.msk.saturn.net/gallery/goods_photo/s_46377.jpg'
 'http://www.msk.saturn.net/images/cart_changed_tooltip.png'
 'http://www.msk.saturn.net/images/cart_tooltip.png'
 'http://www.msk.saturn.net/images/loader.gif'
 'http://www.msk.saturn.net/images/new_svg/fb.svg'
 'http://www.msk.saturn.net/images/new_svg/ok.svg'
 'http://www.msk.saturn.net/images/new_svg/vk.svg'
 'http://www.msk.saturn.net/images/spacer.gif'
 'http://www.msk.saturn.net/images/svg/lolo_footer.svg'
 'http://www.msk.saturn.net/images/svg/lolo_header.svg'
 'http://www.msk.saturn.net/images/svg/other/mastercard.svg'
 'http://www.msk.saturn.net/images/svg/other/mir.svg'
 'http://www.msk.saturn.net/images/svg/other/visa.svg']","8 495 223 60 00,8 (999) 999-9999,8 495 223 60 00,8(495) 223-60-00,8(800) 100-21-12,8(495) 223-60-00,8(800) 100-21-12,8(495) 223-60-00,8(800) 100-21-12,8(495) 223-60-00,8(800) 100-21-12,8(495) 223-60-00,8(800) 100-21-12,8(495) 223-60-00,8(800) 100-21-12,8(495) 223-60-00,8(800) 100-21-12,8(495) 223-60-00,8(800) 100-21-12,8(495) 223-60-00,8(800) 100-21-12,8(495) 223-60-00,8(800) 100-21-12,8 495 223 60 00,8 800 100 21 12",," обязательные поля
                На ваш телефон был отправлен код активации. Время действия кода  сек.
            
                
            
            Введите ваш телефон, указанные при регистрации.
        
На Ваш телефон отправлен код для смены пароля.

На Ваш - отправлена ссылка для смены пароля.

На Ваш телефон отправлен новый пароль.
 обязательные поляВыберите адресВыберите удобную дату и время обязательные поляЯ принимаю условия 
                            
                        Карта с таким номером не найдена, либо телефон, указанный при регистрации, не привязан к данной карте.
                Если у Вас остались вопросы, закажите  или позвоните нам потелефону 
          
   Для получения карты постоянного покупателя заполните поля обязательные поляПроверьте правильность заполнения полей.На Ваш телефон был отправлен код подтверждения. Время действия кода  сек.               
                    
                
Дополнительно Вы можете прикрепить к Вашему обращению файлы допустимые расширения - ., ., ., ., ., ., ., ., ., ., ., ., ., . каждый не более  Мб. 
        если вы не робот, поставьте галочку в правом квадрате обязательные поляВсего в списке   в категории Введите запрос"
name,url,visits,views,logos,product_images,phones,emails,about
"ООО ""САТУРН""",http://www.saturn-ooo.ru,,,['http://www.saturn-ooo.ru/sites/default/files/logo-red-small.gif'],"['http://www.saturn-ooo.ru/sites/default/files/inline/images/primer_zamerov.png'
 'http://www.saturn-ooo.ru/sites/default/files/inline/images/proizvodstvo_saturn.jpg'
 'http://www.saturn-ooo.ru/sites/default/files/styles/large/public/sert/sert-sootv-saturn_0.jpg?itok=LtLCZZ9I'
 'http://www.saturn-ooo.ru/sites/default/files/styles/large/public/sert/shtora1_0.jpg?itok=vsHO1CnE'
 'http://www.saturn-ooo.ru/sites/default/files/styles/large/public/sert/shtora2_0.jpg?itok=Ne7D4NhB'
 'http://www.saturn-ooo.ru/sites/default/files/styles/large/public/sert/shtora3_0.jpg?itok=m41zqpi6'
 'http://www.saturn-ooo.ru/sites/default/files/styles/large/public/sert/vorota1_0.jpg?itok=BraDt56r'
 'http://www.saturn-ooo.ru/sites/default/files/styles/large/public/sert/vorota2_0.jpg?itok=mbyRKhkv']",,saturnmo@mail.ru,"ООО «Сатурн», как производитель противопожарных штор и противопожарных ворот, одна из немногих компаний, которая предлагает огнезащитные ворота с пределом огнестойкости - и противопожарные огнезащитные шторы огнестойкости -.Вся продукция производимая ООО Сатурн соответствует техническим регламентам и имеет все необходимые сертификаты и разрешающие документы. Ознакомиться вы можете с ними перейдя по ссылкам ниже г. Москва, Варшавское шоссе, дом , стр. -, к. А   -- ."
"ООО ""САТУРН""",http://www.ooo-saturn.promportal.su,,,"['http://www.ooo-saturn.promportal.su//promportal.su/foto/exposition_logos/0/2585/20_ya_specializirovannaya_vistavka_otechestvennie_stroitelnie_materiali_osm_2019_foto_small.jpg'
 'http://www.ooo-saturn.promportal.su//promportal.su/foto/exposition_logos/0/2621/sera_i_sernaya_kislota_2018_foto_small.jpg'
 'http://www.ooo-saturn.promportal.su/img/logo.gif']","['http://www.ooo-saturn.promportal.su//promportal.su/foto/new_fotos/0/5934/phoenix_contact_sozdala_novie_ustroystva_foto_small.jpg'
 'http://www.ooo-saturn.promportal.su//promportal.su/foto/new_fotos/0/5935/v_rossii_budut_proizvodit_ustroystva_dlya_vetroustanovok_foto_small.jpg'
 'http://www.ooo-saturn.promportal.su//static.promportal.su/img/foto-loader.gif'
 'http://www.ooo-saturn.promportal.su/img/mp_pictures/14_feb/_decor.jpg'
 'http://www.ooo-saturn.promportal.su/img/mp_pictures/osen/obogrev.jpg'
 'http://www.ooo-saturn.promportal.su/img/mp_pictures/osen/pled.jpg'
 'http://www.ooo-saturn.promportal.su/img/newyear/snegoub_t1.jpg']","7 (495) 799-59-85,7 (495) 799-59-85",,
"ООО ""САТУРН""",http://www.msk.saturn.net,,,[],"['http://www.msk.saturn.net/gallery/brend/47134.jpg'
 'http://www.msk.saturn.net/gallery/brend/47455.jpg'
 'http://www.msk.saturn.net/gallery/brend/47460.jpg'
 'http://www.msk.saturn.net/gallery/brend/48033.jpg'
 'http://www.msk.saturn.net/gallery/category_icon/194488.jpg'
 'http://www.msk.saturn.net/gallery/category_icon/194489.jpg'
 'http://www.msk.saturn.net/gallery/category_icon/194490.jpg'
 'http://www.msk.saturn.net/gallery/category_icon/194491.jpg'
 'http://www.msk.saturn.net/gallery/category_icon/194492.JPG'
 'http://www.msk.saturn.net/gallery/category_icon/194532.jpg'
 'http://www.msk.saturn.net/gallery/goods_photo/45366.jpg'
 'http://www.msk.saturn.net/gallery/goods_photo/8789.JPG'
 'http://www.msk.saturn.net/gallery/goods_photo/s_15893.PNG'
 'http://www.msk.saturn.net/gallery/goods_photo/s_20118.JPG'
 'http://www.msk.saturn.net/gallery/goods_photo/s_20122.JPG'
 'http://www.msk.saturn.net/gallery/goods_photo/s_20123.JPG'
 'http://www.msk.saturn.net/gallery/goods_photo/s_21136.PNG'
 'http://www.msk.saturn.net/gallery/goods_photo/s_21137.PNG'
 'http://www.msk.saturn.net/gallery/goods_photo/s_21138.PNG'
 'http://www.msk.saturn.net/gallery/goods_photo/s_21139.PNG'
 'http://www.msk.saturn.net/gallery/goods_photo/s_22965.JPG'
 'http://www.msk.saturn.net/gallery/goods_photo/s_22966.JPG'
 'http://www.msk.saturn.net/gallery/goods_photo/s_22967.JPG'
 'http://www.msk.saturn.net/gallery/goods_photo/s_24533.JPG'
 'http://www.msk.saturn.net/gallery/goods_photo/s_26356.JPG'
 'http://www.msk.saturn.net/gallery/goods_photo/s_37617.JPG'
 'http://www.msk.saturn.net/gallery/goods_photo/s_37643.jpg'
 'http://www.msk.saturn.net/gallery/goods_photo/s_45241.jpg'
 'http://www.msk.saturn.net/gallery/goods_photo/s_45245.jpg'
 'http://www.msk.saturn.net/gallery/goods_photo/s_46096.jpg'
 'http://www.msk.saturn.net/gallery/goods_photo/s_46375.jpg'
 'http://www.msk.saturn.net/gallery/goods_photo/s_46377.jpg'
 'http://www.msk.saturn.net/images/cart_changed_tooltip.png'
 'http://www.msk.saturn.net/images/cart_tooltip.png'
 'http://www.msk.saturn.net/images/loader.gif'
 'http://www.msk.saturn.net/images/new_svg/fb.svg'
 'http://www.msk.saturn.net/images/new_svg/ok.svg'
 'http://www.msk.saturn.net/images/new_svg/vk.svg'
 'http://www.msk.saturn.net/images/spacer.gif'
 'http://www.msk.saturn.net/images/svg/lolo_footer.svg'
 'http://www.msk.saturn.net/images/svg/lolo_header.svg'
 'http://www.msk.saturn.net/images/svg/other/mastercard.svg'
 'http://www.msk.saturn.net/images/svg/other/mir.svg'
 'http://www.msk.saturn.net/images/svg/other/visa.svg']","8 495 223 60 00,8 (999) 999-9999,8 495 223 60 00,8(495) 223-60-00,8(800) 100-21-12,8(495) 223-60-00,8(800) 100-21-12,8(495) 223-60-00,8(800) 100-21-12,8(495) 223-60-00,8(800) 100-21-12,8(495) 223-60-00,8(800) 100-21-12,8(495) 223-60-00,8(800) 100-21-12,8(495) 223-60-00,8(800) 100-21-12,8(495) 223-60-00,8(800) 100-21-12,8(495) 223-60-00,8(800) 100-21-12,8(495) 223-60-00,8(800) 100-21-12,8 495 223 60 00,8 800 100 21 12",," обязательные поля
                На ваш телефон был отправлен код активации. Время действия кода  сек.
            
                
            
            Введите ваш телефон, указанные при регистрации.
        
На Ваш телефон отправлен код для смены пароля.

На Ваш - отправлена ссылка для смены пароля.

На Ваш телефон отправлен новый пароль.
 обязательные поляВыберите адресВыберите удобную дату и время обязательные поляЯ принимаю условия 
                            
                        Карта с таким номером не найдена, либо телефон, указанный при регистрации, не привязан к данной карте.
                Если у Вас остались вопросы, закажите  или позвоните нам потелефону 
          
   Для получения карты постоянного покупателя заполните поля обязательные поляПроверьте правильность заполнения полей.На Ваш телефон был отправлен код подтверждения. Время действия кода  сек.               
                    
                
Дополнительно Вы можете прикрепить к Вашему обращению файлы допустимые расширения - ., ., ., ., ., ., ., ., ., ., ., ., ., . каждый не более  Мб. 
        если вы не робот, поставьте галочку в правом квадрате обязательные поляВсего в списке   в категории Введите запрос"
